date,district,latitude,longitude
10/12/2017,1,42.393328,-83.231589
11/19/2017,3,42.448709,-82.998671
10/31/2017,6,42.308771,-83.123713
11/19/2017,5,42.380765,-83.124372
11/14/2017,6,42.307457,-83.134363
11/19/2017,3,42.448705,-82.998871
10/08/2017,7,42.377996,-83.202049
10/12/2017,1,42.436221,-83.259491
09/22/2017,6,42.35462,-83.13112
10/31/2017,6,42.333309,-83.105255
10/31/2017,7,42.360871,-83.165713
10/12/2017,2,42.438815,-83.215092
11/26/2017,4,42.41257,-82.920503
11/19/2017,7,42.384572,-83.166121
11/13/2017,7,42.387652,-83.159789
11/19/2017,3,42.439068,-82.975999
11/13/2017,4,42.420962,-82.970378
11/06/2017,4,42.375292,-82.942939
11/26/2017,4,42.410272,-82.96422
11/13/2017,7,42.396426,-83.160127
11/19/2017,7,42.38386,-83.16995
11/13/2017,7,42.364583,-83.19328
11/14/2017,3,42.391853,-83.008712
11/26/2017,5,42.380922,-83.001342
11/26/2017,5,42.381095,-83.000894
11/26/2017,5,42.380181,-83.000831
11/26/2017,5,42.38028,-83.000317
11/26/2017,5,42.380207,-83.000265
11/19/2017,3,42.440458,-83.000368
11/19/2017,3,42.440348,-83.000363
10/31/2017,6,42.273453,-83.153821
11/26/2017,4,42.407606,-82.965688
11/26/2017,4,42.406941,-82.965255
11/13/2017,2,42.398081,-83.1602
11/26/2017,4,42.414175,-82.969858
11/09/2017,7,42.377074,-83.209423
11/13/2017,7,42.373135,-83.199122
11/13/2017,7,42.373147,-83.198414
11/26/2017,4,42.412851,-82.968921
11/26/2017,4,42.41289,-82.964388
12/19/2017,2,42.398248,-83.178156
12/19/2017,2,42.396145,-83.178063
10/24/2017,3,42.443466,-83.094256
10/24/2017,3,42.440712,-83.094167
09/28/2017,4,42.39184,-82.943634
10/12/2017,4,42.392852,-82.937713
11/01/2017,1,42.395218,-83.185509
10/29/2017,2,42.400565,-83.179804
10/29/2017,2,42.402463,-83.182633
11/13/2017,4,42.416554,-82.971376
11/14/2017,5,42.386699,-83.016247
11/09/2017,1,42.400097,-83.255106
11/26/2017,4,42.407558,-82.964637
10/31/2017,5,42.353707,-83.095144
10/31/2017,5,42.364253,-83.12528
10/12/2017,6,42.307093,-83.112199
11/14/2017,7,42.341936,-83.201421
09/26/2017,4,42.388986,-82.947393
11/26/2017,4,42.419122,-82.936929
11/13/2017,7,42.381137,-83.131688
10/31/2017,7,42.381954,-83.129486
10/31/2017,7,42.38227,-83.128657
10/31/2017,7,42.382316,-83.128533
10/31/2017,7,42.382661,-83.127607
10/31/2017,7,42.382809,-83.127211
11/26/2017,3,42.406287,-83.072629
11/13/2017,7,42.370596,-83.138037
11/13/2017,7,42.378187,-83.135567
11/13/2017,7,42.378274,-83.135626
10/31/2017,7,42.381614,-83.127083
10/31/2017,7,42.381465,-83.127479
11/13/2017,7,42.377221,-83.137283
11/19/2017,2,42.431202,-83.103113
10/31/2017,6,42.349515,-83.096376
10/31/2017,5,42.381906,-83.123994
11/19/2017,2,42.402508,-83.137291
10/31/2017,7,42.380698,-83.126351
11/26/2017,3,42.431836,-83.088595
10/31/2017,6,42.342936,-83.122856
11/26/2017,3,42.422436,-83.082768
10/31/2017,5,42.385594,-83.109698
10/31/2017,5,42.35388,-83.096416
10/31/2017,6,42.332453,-83.0946
11/26/2017,3,42.426631,-83.087849
10/31/2017,5,42.386812,-83.110684
11/19/2017,3,42.428255,-83.039122
10/31/2017,7,42.371763,-83.116948
10/31/2017,5,42.38756,-83.110951
10/31/2017,5,42.385994,-83.11395
11/19/2017,3,42.429579,-83.032309
10/31/2017,5,42.385639,-83.116106
11/13/2017,7,42.378,-83.134943
11/26/2017,3,42.433153,-83.090404
10/31/2017,5,42.382789,-83.117196
11/26/2017,3,42.407486,-83.072823
11/26/2017,2,42.433301,-83.105955
11/26/2017,3,42.431207,-83.087339
11/13/2017,4,42.375263,-82.988326
11/26/2017,4,42.412808,-82.968015
11/26/2017,4,42.412832,-82.968533
10/25/2017,4,42.406846,-82.987018
11/13/2017,4,42.412214,-82.987571
11/13/2017,4,42.412168,-82.987705
11/13/2017,4,42.410994,-82.991038
10/29/2017,2,42.399513,-83.18039
10/29/2017,2,42.399417,-83.180386
11/13/2017,7,42.369599,-83.178698
11/13/2017,7,42.367824,-83.179268
11/13/2017,7,42.367626,-83.179261
10/24/2017,7,42.377438,-83.20461
10/24/2017,7,42.373857,-83.205178
10/25/2017,4,42.407623,-82.988146
11/13/2017,7,42.397717,-83.160817
10/25/2017,7,42.364629,-83.198592
11/13/2017,4,42.404751,-82.97486
11/06/2017,4,42.404131,-82.97666
11/13/2017,4,42.400881,-82.986151
11/06/2017,4,42.400067,-82.988499
11/13/2017,7,42.373645,-83.175233
11/06/2017,4,42.403309,-82.985854
11/13/2017,7,42.375408,-83.199724
11/13/2017,7,42.375589,-83.200437
11/13/2017,4,42.418252,-82.97558
11/13/2017,4,42.417935,-82.976525
11/13/2017,4,42.417888,-82.976661
11/13/2017,4,42.417844,-82.976786
11/13/2017,4,42.417802,-82.976903
11/13/2017,4,42.417634,-82.977381
11/13/2017,4,42.417196,-82.978625
11/13/2017,4,42.417103,-82.978888
11/13/2017,5,42.382862,-83.003464
11/13/2017,5,42.382298,-83.003065
11/13/2017,5,42.382152,-83.002962
11/13/2017,5,42.381058,-83.002189
11/26/2017,5,42.378885,-83.000676
11/26/2017,5,42.377562,-82.999748
11/26/2017,5,42.376444,-82.998931
11/13/2017,7,42.373196,-83.20156
11/13/2017,4,42.418186,-82.983581
11/13/2017,4,42.415138,-82.980901
12/11/2017,3,42.410791,-83.018117
11/06/2017,4,42.403525,-82.988408
11/06/2017,4,42.40498,-82.984185
11/13/2017,4,42.407827,-82.975931
11/13/2017,4,42.407919,-82.975662
11/13/2017,4,42.409345,-82.971487
11/13/2017,4,42.410056,-82.969413
11/13/2017,4,42.410195,-82.96901
11/13/2017,7,42.373584,-83.200357
11/13/2017,7,42.37349,-83.200353
12/19/2017,1,42.396542,-83.189969
12/19/2017,1,42.396159,-83.189952
12/19/2017,1,42.395871,-83.18994
11/13/2017,4,42.379765,-82.997478
09/26/2017,1,42.384064,-83.19207
11/13/2017,4,42.396312,-82.984907
11/13/2017,4,42.39559,-82.985129
11/13/2017,4,42.395947,-82.98339
11/13/2017,4,42.403232,-82.974278
11/13/2017,4,42.412511,-82.983384
11/13/2017,4,42.412463,-82.983518
12/19/2017,4,42.387967,-82.963708
11/13/2017,4,42.412343,-82.985832
11/13/2017,4,42.412511,-82.985349
11/19/2017,1,42.389399,-83.184697
11/19/2017,1,42.390606,-83.184748
11/19/2017,1,42.390825,-83.184758
11/01/2017,1,42.391834,-83.184799
11/01/2017,1,42.395456,-83.184955
11/26/2017,4,42.412594,-82.973842
11/26/2017,4,42.412292,-82.974711
11/26/2017,4,42.412158,-82.975093
11/26/2017,4,42.410834,-82.97891
11/26/2017,4,42.410313,-82.980405
11/26/2017,4,42.410271,-82.980522
11/26/2017,4,42.410149,-82.980874
11/26/2017,5,42.378303,-83.003069
11/26/2017,5,42.373861,-82.999551
09/25/2017,5,42.372869,-82.999518
11/26/2017,4,42.411779,-82.965361
11/26/2017,4,42.411275,-82.970993
11/26/2017,4,42.4105,-82.973144
11/26/2017,4,42.410379,-82.973497
11/13/2017,7,42.385171,-83.141329
11/06/2017,4,42.401389,-82.989922
11/06/2017,4,42.401343,-82.990056
11/06/2017,4,42.401297,-82.99019
11/06/2017,4,42.401682,-82.99061
11/06/2017,4,42.401774,-82.990341
10/02/2017,1,42.393259,-83.18587
10/02/2017,1,42.393808,-83.185891
10/02/2017,1,42.397987,-83.186072
10/02/2017,1,42.40236,-83.186264
11/26/2017,4,42.413283,-82.968117
11/26/2017,4,42.413265,-82.967729
11/26/2017,4,42.413631,-82.967916
11/26/2017,4,42.413693,-82.968827
11/26/2017,4,42.413113,-82.972349
10/03/2017,1,42.402597,-83.188131
11/13/2017,4,42.416305,-82.977579
11/13/2017,2,42.400251,-83.16465
11/13/2017,2,42.401005,-83.16469
09/22/2017,2,42.407039,-83.16569
10/05/2017,1,42.396973,-83.184584
10/05/2017,1,42.396539,-83.184565
11/26/2017,5,42.376371,-82.998879
11/13/2017,4,42.386324,-82.999912
11/13/2017,4,42.417934,-82.974019
11/13/2017,4,42.417129,-82.97631
11/13/2017,4,42.417089,-82.976427
11/14/2017,6,42.338317,-83.141099
11/13/2017,7,42.377875,-83.142717
11/06/2017,5,42.372788,-82.99561
11/06/2017,5,42.374741,-82.997005
11/06/2017,5,42.37547,-82.99752
12/19/2017,4,42.387699,-82.963533
12/19/2017,4,42.388054,-82.963764
12/19/2017,4,42.388313,-82.963934
12/19/2017,1,42.395502,-83.189369
10/06/2017,1,42.399081,-83.189522
09/25/2017,5,42.375232,-82.999843
11/26/2017,5,42.376039,-83.000427
11/26/2017,5,42.376497,-83.000751
11/26/2017,5,42.378666,-83.002313
11/26/2017,5,42.378884,-83.00247
11/13/2017,5,42.380401,-83.003569
11/13/2017,7,42.373604,-83.189637
11/13/2017,7,42.375887,-83.189742
11/13/2017,5,42.386231,-83.006511
11/26/2017,5,42.377352,-82.998851
11/26/2017,5,42.378962,-82.999978
11/26/2017,5,42.37962,-83.000438
11/26/2017,5,42.379693,-83.000489
11/13/2017,5,42.382453,-83.002424
11/13/2017,4,42.38017,-82.993491
11/26/2017,4,42.407486,-82.964741
11/13/2017,4,42.380954,-82.992082
11/13/2017,4,42.380806,-82.991983
11/13/2017,4,42.380732,-82.991935
11/13/2017,4,42.380584,-82.991837
11/19/2017,3,42.43274,-83.023025
11/19/2017,3,42.432748,-83.022636
11/19/2017,3,42.436352,-82.986087
11/13/2017,7,42.397112,-83.161227
11/13/2017,2,42.400341,-83.161381
11/13/2017,2,42.401372,-83.16143
10/29/2017,2,42.403354,-83.1622
09/22/2017,2,42.403244,-83.162196
11/13/2017,2,42.401258,-83.162056
11/13/2017,2,42.399976,-83.161997
10/29/2017,2,42.403156,-83.171852
11/13/2017,5,42.385711,-83.008417
11/13/2017,5,42.384986,-83.007892
11/13/2017,5,42.383041,-83.006486
11/13/2017,5,42.381752,-83.005297
11/26/2017,5,42.378521,-83.003226
09/26/2017,4,42.407476,-82.987098
11/26/2017,4,42.409527,-82.981215
11/13/2017,4,42.40823,-82.972894
11/06/2017,4,42.402455,-82.989688
11/06/2017,4,42.402106,-82.990706
11/13/2017,4,42.408807,-82.992533
11/13/2017,4,42.409226,-82.991327
11/13/2017,4,42.409271,-82.991201
11/13/2017,4,42.409932,-82.989297
11/26/2017,4,42.416062,-82.96507
10/06/2017,1,42.407899,-83.193776
10/25/2017,4,42.40644,-82.986716
10/25/2017,4,42.406616,-82.986214
11/13/2017,2,42.399288,-83.165232
11/13/2017,4,42.416465,-82.982334
11/13/2017,4,42.416628,-82.98189
09/22/2017,7,42.373102,-83.209301
11/09/2017,7,42.373198,-83.209303
11/13/2017,7,42.381854,-83.142281
12/19/2017,4,42.379456,-82.953341
11/13/2017,7,42.367968,-83.201824
11/13/2017,7,42.368064,-83.201827
11/13/2017,7,42.36864,-83.201847
11/13/2017,4,42.413851,-82.981483
11/13/2017,4,42.416947,-82.971436
11/26/2017,4,42.41691,-82.966649
11/26/2017,4,42.416912,-82.96652
11/13/2017,7,42.383909,-83.1419
11/13/2017,4,42.416165,-82.981561
11/13/2017,4,42.41592,-82.982243
11/06/2017,4,42.399866,-82.989078
11/13/2017,4,42.376909,-82.992717
11/06/2017,4,42.406246,-82.985464
11/06/2017,4,42.404561,-82.990294
11/13/2017,7,42.375023,-83.196843
11/13/2017,7,42.373632,-83.19679
11/13/2017,7,42.37475,-83.176489
11/13/2017,2,42.399743,-83.166823
11/13/2017,4,42.38055,-82.991063
11/13/2017,4,42.381794,-82.991922
11/13/2017,4,42.419564,-82.983206
10/29/2017,2,42.405558,-83.164466
11/13/2017,7,42.370915,-83.202609
11/13/2017,7,42.37082,-83.202606
11/13/2017,7,42.368659,-83.202529
11/13/2017,7,42.374467,-83.198472
11/13/2017,7,42.375903,-83.198534
11/26/2017,5,42.375652,-83.000712
11/13/2017,4,42.379622,-82.998102
11/06/2017,4,42.373225,-82.994554
11/13/2017,7,42.373297,-83.200855
11/13/2017,7,42.373483,-83.200861
11/13/2017,4,42.385153,-82.99913
11/13/2017,4,42.384784,-82.998883
11/13/2017,4,42.38151,-82.996632
11/13/2017,4,42.378199,-82.994422
11/13/2017,4,42.37591,-82.992889
11/13/2017,4,42.375103,-82.992349
11/13/2017,4,42.375029,-82.9923
12/19/2017,2,42.396014,-83.175263
10/29/2017,2,42.405072,-83.175715
12/19/2017,1,42.396794,-83.190964
12/19/2017,1,42.396706,-83.190961
11/13/2017,7,42.383624,-83.146624
11/13/2017,7,42.378237,-83.174183
11/13/2017,7,42.378922,-83.174207
09/25/2017,5,42.375162,-83.00075
11/26/2017,5,42.375006,-83.001141
11/26/2017,5,42.375573,-83.000914
11/13/2017,4,42.387362,-82.996497
11/13/2017,4,42.387289,-82.996447
11/06/2017,4,42.400647,-82.989465
11/06/2017,4,42.400778,-82.990524
11/13/2017,4,42.415857,-82.981363
09/26/2017,1,42.404813,-83.185913
09/26/2017,1,42.404621,-83.185906
09/25/2017,1,42.403466,-83.185855
09/25/2017,1,42.403166,-83.185842
11/01/2017,1,42.395328,-83.185514
11/13/2017,4,42.3799,-82.996992
10/29/2017,2,42.400477,-83.180426
10/29/2017,2,42.40018,-83.180412
11/19/2017,7,42.39041,-83.183733
11/06/2017,4,42.40362,-82.991507
11/06/2017,4,42.404656,-82.988481
11/06/2017,4,42.40482,-82.988004
11/06/2017,4,42.406267,-82.983852
11/13/2017,4,42.407256,-82.981034
11/13/2017,4,42.407303,-82.9809
10/09/2017,7,42.374482,-83.208138
10/10/2017,7,42.375221,-83.208169
10/10/2017,7,42.375701,-83.20819
10/10/2017,7,42.376085,-83.208206
10/10/2017,7,42.376181,-83.20821
11/09/2017,7,42.376749,-83.208905
11/13/2017,4,42.403875,-82.981511
10/25/2017,7,42.363984,-83.197948
11/19/2017,5,42.386349,-83.005961
11/13/2017,5,42.384106,-83.004342
11/13/2017,5,42.383445,-83.003875
10/03/2017,1,42.393763,-83.187056
10/04/2017,1,42.407626,-83.188355
10/04/2017,1,42.407516,-83.18835
10/03/2017,1,42.407407,-83.188346
10/04/2017,1,42.406932,-83.188326
10/03/2017,1,42.404326,-83.188201
11/13/2017,4,42.405614,-82.974989
11/13/2017,4,42.416964,-82.976778
11/13/2017,4,42.416569,-82.977901
11/13/2017,4,42.415539,-82.980831
10/11/2017,7,42.376798,-83.206947
11/26/2017,4,42.410975,-82.967367
11/13/2017,4,42.408299,-82.976065
11/13/2017,4,42.40661,-82.980954
11/13/2017,7,42.367895,-83.18001
11/13/2017,7,42.369274,-83.179916
11/13/2017,7,42.369043,-83.18064
11/13/2017,4,42.417314,-82.983301
11/13/2017,4,42.417541,-82.982635
11/13/2017,4,42.417668,-82.98227
11/13/2017,5,42.383938,-83.006139
11/26/2017,4,42.411356,-82.979043
11/26/2017,4,42.411648,-82.978198
11/26/2017,4,42.411875,-82.977544
11/26/2017,4,42.412579,-82.975521
11/26/2017,4,42.412756,-82.975012
11/26/2017,4,42.412972,-82.97439
11/26/2017,4,42.413559,-82.972632
12/19/2017,1,42.396782,-83.191394
12/19/2017,1,42.397107,-83.191409
12/19/2017,1,42.397091,-83.191964
12/19/2017,1,42.396293,-83.191929
12/19/2017,1,42.396197,-83.191925
11/26/2017,4,42.413606,-82.972503
11/26/2017,4,42.413747,-82.972114
11/26/2017,4,42.413979,-82.97147
11/26/2017,4,42.414157,-82.969414
11/26/2017,4,42.414127,-82.968657
11/26/2017,4,42.414122,-82.968527
11/26/2017,4,42.414117,-82.968398
11/26/2017,4,42.413993,-82.966597
12/19/2017,4,42.386542,-82.963549
12/19/2017,4,42.386196,-82.963324
12/19/2017,4,42.385937,-82.963155
12/19/2017,4,42.383332,-82.961454
12/19/2017,4,42.382553,-82.960947
12/19/2017,4,42.379149,-82.958711
12/19/2017,4,42.379062,-82.958655
12/19/2017,4,42.378889,-82.958542
11/13/2017,4,42.419886,-82.977275
11/13/2017,4,42.418994,-82.979808
11/13/2017,4,42.418946,-82.979942
11/13/2017,4,42.39671,-82.981933
11/13/2017,4,42.415077,-82.979389
11/13/2017,4,42.413965,-82.98255
11/13/2017,4,42.413921,-82.982683
11/13/2017,4,42.413873,-82.982816
11/13/2017,4,42.412982,-82.985343
11/13/2017,4,42.412888,-82.98561
11/13/2017,4,42.412759,-82.985977
11/13/2017,7,42.373749,-83.202064
11/13/2017,7,42.374032,-83.202075
11/13/2017,4,42.417138,-82.973509
11/13/2017,4,42.416242,-82.976079
11/13/2017,4,42.415438,-82.978364
12/19/2017,4,42.380617,-82.958407
11/14/2017,7,42.353187,-83.20319
11/13/2017,4,42.416669,-82.981773
11/13/2017,4,42.417669,-82.978926
11/13/2017,4,42.417751,-82.978698
11/13/2017,4,42.417821,-82.978494
11/13/2017,4,42.418139,-82.977591
11/13/2017,4,42.408964,-82.979465
11/26/2017,4,42.410354,-82.975451
11/26/2017,4,42.410458,-82.975149
11/13/2017,4,42.416899,-82.982604
11/13/2017,4,42.416859,-82.982715
12/19/2017,4,42.376948,-82.951142
10/29/2017,2,42.396515,-83.181723
10/29/2017,2,42.399091,-83.181837
12/19/2017,2,42.408189,-83.182236
10/29/2017,2,42.407288,-83.182855
10/29/2017,2,42.404607,-83.182734
11/13/2017,7,42.37616,-83.188206
11/13/2017,7,42.375831,-83.188192
11/13/2017,7,42.375721,-83.188187
11/13/2017,7,42.375611,-83.188182
11/13/2017,4,42.418457,-82.9839
11/26/2017,4,42.416439,-82.96533
11/26/2017,4,42.416433,-82.966108
11/26/2017,4,42.416433,-82.966237
11/26/2017,4,42.416432,-82.967009
11/26/2017,4,42.416431,-82.968861
11/13/2017,4,42.413207,-82.981393
11/14/2017,7,42.373578,-83.203267
11/14/2017,7,42.37377,-83.203274
11/14/2017,7,42.374346,-83.203294
11/14/2017,7,42.374796,-83.20331
11/14/2017,7,42.374906,-83.203314
11/13/2017,7,42.374075,-83.179591
11/06/2017,4,42.398665,-82.988741
11/26/2017,5,42.376298,-82.999355
11/26/2017,5,42.37682,-82.99976
11/26/2017,5,42.376893,-82.999812
11/26/2017,5,42.376966,-82.999864
11/13/2017,5,42.380737,-83.002541
11/13/2017,5,42.381392,-83.003009
11/13/2017,5,42.383752,-83.004703
12/19/2017,2,42.397612,-83.174271
11/13/2017,4,42.405163,-82.975123
11/13/2017,4,42.40383,-82.973927
11/13/2017,4,42.403483,-82.973483
11/26/2017,4,42.41067,-82.974548
11/26/2017,4,42.410809,-82.974146
11/26/2017,4,42.411165,-82.973114
11/13/2017,7,42.378205,-83.176086
11/13/2017,7,42.371262,-83.175828
11/13/2017,7,42.371042,-83.175821
10/29/2017,2,42.403812,-83.176728
11/13/2017,3,42.395226,-83.005601
11/13/2017,7,42.376462,-83.179424
11/13/2017,7,42.377562,-83.179464
10/05/2017,7,42.393205,-83.183847
10/05/2017,7,42.393973,-83.183877
10/05/2017,2,42.396666,-83.183996
10/24/2017,2,42.39988,-83.184119
10/24/2017,2,42.40495,-83.184335
10/06/2017,2,42.405789,-83.18437
10/29/2017,2,42.406237,-83.166731
11/13/2017,2,42.400475,-83.166418
11/26/2017,4,42.417727,-82.969932
11/13/2017,2,42.40021,-83.166404
11/13/2017,2,42.398875,-83.166322
11/13/2017,7,42.36989,-83.193848
11/13/2017,7,42.374454,-83.187464
11/13/2017,7,42.374564,-83.18747
11/13/2017,5,42.380796,-83.003328
11/26/2017,5,42.379265,-83.002213
11/26/2017,5,42.378974,-83.002004
11/26/2017,5,42.378902,-83.001952
11/26/2017,5,42.375986,-82.999849
11/26/2017,5,42.375917,-82.9998
11/26/2017,5,42.375255,-82.999319
11/26/2017,5,42.374529,-82.998795
11/26/2017,4,42.409861,-82.975012
11/13/2017,4,42.407685,-82.981354
11/13/2017,4,42.407614,-82.981555
10/11/2017,7,42.376574,-83.207724
10/11/2017,7,42.374491,-83.207636
11/26/2017,4,42.410915,-82.96498
11/26/2017,4,42.422137,-82.957963
09/25/2017,1,42.404251,-83.185318
09/27/2017,1,42.406721,-83.185434
09/28/2017,1,42.406817,-83.185439
11/06/2017,4,42.404336,-82.987561
11/06/2017,4,42.404296,-82.987678
11/06/2017,4,42.403763,-82.98922
11/06/2017,4,42.403578,-82.989758
11/06/2017,4,42.403347,-82.990429
11/06/2017,4,42.403112,-82.992985
10/25/2017,4,42.406739,-82.992266
11/13/2017,7,42.374263,-83.19917
09/25/2017,4,42.4045,-82.992258
11/19/2017,4,42.422627,-82.965762
11/13/2017,7,42.375273,-83.196231
11/13/2017,7,42.376406,-83.144255
11/13/2017,4,42.379487,-82.995926
11/13/2017,4,42.380222,-82.996421
10/09/2017,7,42.373235,-83.208107
10/09/2017,7,42.374291,-83.208134
11/26/2017,4,42.380425,-82.999687
11/26/2017,4,42.382298,-83.001016
10/29/2017,2,42.407905,-83.176473
12/19/2017,2,42.400169,-83.176114
11/09/2017,7,42.375952,-83.209398
11/09/2017,7,42.376621,-83.210108
11/26/2017,4,42.417292,-82.96526
11/26/2017,4,42.417259,-82.969382
11/26/2017,4,42.417278,-82.97105
11/26/2017,4,42.41773,-82.97008
10/29/2017,2,42.406183,-83.181095
12/19/2017,2,42.404733,-83.181669
12/19/2017,2,42.404541,-83.181661
10/29/2017,2,42.404061,-83.181639
11/13/2017,7,42.368117,-83.17327
11/13/2017,7,42.368007,-83.173266
10/24/2017,7,42.373563,-83.205684
11/13/2017,4,42.382145,-82.990831
09/28/2017,1,42.402873,-83.188618
11/13/2017,4,42.395865,-82.981907
11/13/2017,4,42.397392,-82.982905
11/09/2017,7,42.374694,-83.208816
11/09/2017,7,42.374264,-83.208802
11/09/2017,7,42.374072,-83.208798
09/22/2017,7,42.373112,-83.208774
11/13/2017,7,42.375859,-83.190833
11/13/2017,5,42.382571,-83.006994
11/13/2017,2,42.39882,-83.167843
10/25/2017,7,42.376672,-83.213083
11/19/2017,6,42.334408,-83.138252
11/14/2017,6,42.336392,-83.140142
11/19/2017,5,42.387147,-83.005153
11/13/2017,5,42.38391,-83.002882
11/13/2017,5,42.383545,-83.002625
11/13/2017,5,42.382188,-83.001668
11/26/2017,5,42.381678,-83.001306
11/26/2017,5,42.380014,-83.000131
11/26/2017,5,42.379941,-83.000079
11/26/2017,5,42.378845,-82.999311
11/13/2017,4,42.377599,-82.989037
10/02/2017,3,42.443222,-83.002233
10/08/2017,7,42.360111,-83.171106
12/20/2017,7,42.379322,-83.124297
10/03/2017,2,42.41635,-83.130721
11/13/2017,4,42.392433,-83.004661
10/31/2017,5,42.353255,-83.091899
10/08/2017,7,42.364579,-83.177319
10/08/2017,7,42.364129,-83.163344
09/22/2017,3,42.435928,-83.005538
09/27/2017,3,42.432264,-82.99929
10/03/2017,3,42.443873,-82.999329
09/27/2017,3,42.439314,-82.989832
10/08/2017,7,42.361565,-83.171151
10/08/2017,2,42.428881,-83.208129
10/08/2017,7,42.364679,-83.177322
10/08/2017,7,42.364779,-83.177326
10/29/2017,2,42.41387,-83.145761
09/29/2017,3,42.436451,-83.030096
10/08/2017,7,42.355862,-83.186219
09/29/2017,3,42.436934,-83.02949
10/08/2017,1,42.427709,-83.250307
10/29/2017,2,42.413747,-83.145757
09/22/2017,3,42.435302,-83.012986
09/28/2017,3,42.440103,-82.995395
10/08/2017,7,42.362165,-83.17555
10/08/2017,5,42.374173,-83.099271
11/13/2017,7,42.386255,-83.164045
10/31/2017,6,42.32139,-83.143146
10/31/2017,7,42.380587,-83.126649
11/13/2017,4,42.41822,-82.974614
11/13/2017,4,42.418729,-82.975959
09/25/2017,5,42.374473,-83.000369
11/26/2017,4,42.412274,-82.969911
11/26/2017,5,42.376371,-82.999408
11/13/2017,4,42.378696,-82.997482
11/19/2017,5,42.374701,-83.094944
10/31/2017,5,42.352877,-83.097564
11/06/2017,5,42.371736,-82.981782
10/31/2017,7,42.381609,-83.128331
11/13/2017,5,42.381836,-83.005359
11/13/2017,5,42.381679,-83.005245
11/09/2017,7,42.377995,-83.208922
11/06/2017,5,42.372472,-82.994788
12/19/2017,4,42.37803,-82.95669
11/13/2017,5,42.383339,-83.006702
10/24/2017,1,42.40056,-83.18576
11/13/2017,5,42.384949,-83.003611
11/26/2017,4,42.412803,-82.967886
11/13/2017,5,42.384511,-83.003304
10/06/2017,1,42.403428,-83.190506
12/19/2017,1,42.396463,-83.18941
10/12/2017,4,42.400275,-82.941385
10/08/2017,6,42.344117,-83.091649
11/19/2017,6,42.294502,-83.110142
12/18/2017,5,42.385461,-83.119957
11/13/2017,7,42.3799,-83.133482
11/13/2017,7,42.371562,-83.138256
11/13/2017,7,42.38091,-83.132293
11/13/2017,7,42.37975,-83.131042
11/13/2017,7,42.381211,-83.145449
11/13/2017,7,42.377571,-83.136944
11/14/2017,5,42.382969,-83.028636
11/19/2017,3,42.438713,-83.025756
11/13/2017,7,42.369715,-83.179887
11/06/2017,4,42.372964,-82.979009
12/19/2017,4,42.375917,-82.960586
11/13/2017,4,42.382363,-82.990985
11/19/2017,7,42.382778,-83.168802
11/06/2017,5,42.371806,-82.982823
11/06/2017,4,42.376935,-82.984727
11/26/2017,4,42.410687,-82.958675
11/06/2017,4,42.370068,-82.978974
12/19/2017,4,42.377718,-82.957065
11/06/2017,4,42.370396,-82.976445
11/06/2017,5,42.370488,-82.984811
11/06/2017,5,42.370415,-82.984759
11/13/2017,4,42.397423,-82.982397
12/19/2017,4,42.383377,-82.960735
11/06/2017,4,42.363026,-82.934769
11/26/2017,4,42.409881,-82.967418
12/19/2017,4,42.381581,-82.955429
11/19/2017,3,42.443095,-83.002916
12/19/2017,4,42.379376,-82.951564
12/19/2017,4,42.381401,-82.950552
11/19/2017,3,42.435383,-82.994538
12/19/2017,4,42.376724,-82.960362
12/19/2017,4,42.378619,-82.961601
11/13/2017,4,42.38751,-82.996596
11/13/2017,4,42.381694,-82.99257
11/13/2017,4,42.381472,-82.992424
11/13/2017,4,42.394686,-82.98386
11/06/2017,5,42.369819,-82.985806
11/06/2017,5,42.369142,-82.985297
11/13/2017,4,42.381324,-82.992327
11/13/2017,4,42.380658,-82.991886
12/19/2017,4,42.383591,-82.961623
12/19/2017,4,42.382964,-82.961215
11/13/2017,4,42.39641,-82.985659
11/06/2017,5,42.370866,-82.984247
11/06/2017,5,42.371084,-82.984404
12/19/2017,4,42.378315,-82.956218
11/19/2017,6,42.338833,-83.109791
11/19/2017,6,42.346296,-83.098061
11/09/2017,7,42.36814,-83.217159
11/19/2017,6,42.344472,-83.109585
11/13/2017,7,42.374841,-83.199195
11/13/2017,7,42.370575,-83.199001
10/03/2017,1,42.40403,-83.186328
10/03/2017,1,42.405927,-83.186408
12/19/2017,2,42.398063,-83.180738
10/29/2017,2,42.407144,-83.18114
11/14/2017,7,42.345047,-83.197889
10/29/2017,2,42.407814,-83.181803
11/14/2017,7,42.375297,-83.203329
10/09/2017,7,42.373907,-83.208124
09/22/2017,7,42.373784,-83.208791
11/13/2017,7,42.37523,-83.175977
11/14/2017,7,42.341207,-83.217965
11/13/2017,7,42.374372,-83.198468
11/13/2017,7,42.378403,-83.17363
09/26/2017,1,42.404922,-83.185344
10/06/2017,1,42.407709,-83.1907
11/13/2017,7,42.376873,-83.173573
09/27/2017,1,42.406913,-83.185444
10/29/2017,2,42.408255,-83.17757
11/13/2017,7,42.368599,-83.195986
11/13/2017,7,42.374647,-83.176486
10/06/2017,1,42.407022,-83.191251
11/13/2017,7,42.366994,-83.174457
10/29/2017,2,42.398143,-83.18138
10/29/2017,2,42.398516,-83.181812
11/13/2017,7,42.373918,-83.190274
10/29/2017,2,42.397731,-83.182425
11/13/2017,7,42.366766,-83.19001
11/19/2017,7,42.389422,-83.18369
11/13/2017,7,42.376609,-83.202168
11/13/2017,7,42.375081,-83.175285
10/24/2017,1,42.407536,-83.185033
11/13/2017,2,42.398759,-83.17541
10/31/2017,5,42.381241,-83.121342
10/31/2017,5,42.385194,-83.115048
11/26/2017,3,42.438986,-83.096865
10/31/2017,5,42.359336,-83.096111
11/13/2017,7,42.397223,-83.160795
11/14/2017,5,42.38461,-83.022736
11/26/2017,5,42.376517,-82.998982
10/31/2017,5,42.353995,-83.09163
12/19/2017,2,42.436345,-83.11524
10/31/2017,5,42.385994,-83.111326
11/26/2017,2,42.436682,-83.115164
11/26/2017,2,42.406328,-83.126587
11/13/2017,4,42.379826,-82.996943
11/06/2017,4,42.402152,-82.990572
11/14/2017,6,42.326061,-83.124146
11/13/2017,5,42.380578,-83.003171
11/26/2017,5,42.376495,-83.000223
11/13/2017,5,42.382589,-83.003272
11/13/2017,5,42.381934,-83.002808
11/13/2017,5,42.381277,-83.002344
11/14/2017,3,42.389769,-83.012933
11/13/2017,4,42.388952,-83.001694
11/26/2017,5,42.377197,-82.999492
11/26/2017,5,42.377124,-82.999441
11/13/2017,4,42.410455,-82.987804
11/26/2017,4,42.416095,-82.969208
11/26/2017,4,42.411858,-82.971119
11/26/2017,4,42.411962,-82.970817
11/26/2017,4,42.411964,-82.972266
11/13/2017,4,42.383765,-82.998202
11/13/2017,4,42.379527,-82.99531
11/13/2017,4,42.379232,-82.995113
11/13/2017,4,42.378642,-82.994718
10/31/2017,6,42.330652,-83.139921
11/13/2017,4,42.403861,-82.97381
09/27/2017,4,42.408826,-82.986307
11/13/2017,4,42.414209,-82.980472
11/13/2017,4,42.417994,-82.975255
11/19/2017,3,42.420506,-83.004449
11/13/2017,4,42.40358,-82.975884
11/26/2017,4,42.407856,-82.964987
11/13/2017,4,42.376835,-82.992668
11/13/2017,3,42.395534,-83.001749
11/13/2017,5,42.381606,-83.005192
11/26/2017,5,42.371106,-82.99785
11/13/2017,4,42.416943,-82.971174
11/26/2017,4,42.417704,-82.971028
11/26/2017,4,42.417696,-82.968098
11/26/2017,4,42.417723,-82.96709
11/13/2017,4,42.419845,-82.977392
11/13/2017,4,42.413171,-82.984808
11/13/2017,4,42.406154,-82.974892
11/13/2017,7,42.395822,-83.161796
11/13/2017,4,42.407873,-82.975797
11/13/2017,4,42.410102,-82.969279
11/13/2017,4,42.412109,-82.987873
11/13/2017,4,42.418033,-82.977892
11/13/2017,4,42.419572,-82.975006
11/13/2017,4,42.418145,-82.983697
11/26/2017,4,42.38208,-83.000861
11/26/2017,4,42.382372,-83.001067
11/13/2017,5,42.383478,-83.004506
11/19/2017,3,42.437194,-83.009863
11/26/2017,5,42.375534,-83.001011
11/14/2017,3,42.388195,-83.016782
11/19/2017,3,42.436116,-83.011979
11/19/2017,3,42.435288,-83.013598
11/13/2017,5,42.380883,-83.002645
11/13/2017,2,42.401933,-83.164251
11/13/2017,2,42.399351,-83.164123
11/06/2017,5,42.375324,-82.997418
11/06/2017,5,42.376247,-82.998068
11/13/2017,5,42.381943,-83.002063
11/13/2017,4,42.419389,-82.983782
11/13/2017,5,42.384898,-83.006828
11/13/2017,5,42.386058,-83.007669
11/26/2017,5,42.372173,-82.997616
11/26/2017,5,42.374073,-82.998998
11/26/2017,5,42.378521,-83.002209
11/19/2017,4,42.411496,-83.005113
11/26/2017,5,42.379138,-82.999516
11/14/2017,5,42.386232,-83.017865
10/02/2017,4,42.395014,-82.959179
10/02/2017,4,42.394972,-82.959295
11/19/2017,6,42.331486,-83.110254
